<?xml version='1.0' encoding='UTF-8'?><S:Envelope xmlns:S="http://schemas.xmlsoap.org/soap/envelope/"><S:Header><info xmlns="https://ar.gob.afip.wsfecred/FECredService/"><ambiente>Testing - VII</ambiente><fecha>2019-09-19T10:22:13</fecha><id>WS-1.1.1-rc1</id></info></S:Header><S:Body><ns2:consultarMontoObligadoRecepcionResponse xmlns:ns2="http://ar.gob.afip.wsfecred/FECredService/"><consultarMontoObligadoRecepcionReturn><obligado>S</obligado><montoDesde>100000</montoDesde></consultarMontoObligadoRecepcionReturn></ns2:consultarMontoObligadoRecepcionResponse></S:Body></S:Envelope>
